{
    "version": "1.4.0",
    "project": {
        "name": "hello-world",
        "directory": "D:\\Documents\\CSCI330\\Functionals\\hello-world",
        "workspaceDir": "D:\\Documents\\CSCI330\\Functionals\\hello-world",
        "sources": [
            "D:\\Documents\\CSCI330\\Functionals\\hello-world\\src\\main\\scala",
            "D:\\Documents\\CSCI330\\Functionals\\hello-world\\src\\main\\scala-2.13",
            "D:\\Documents\\CSCI330\\Functionals\\hello-world\\src\\main\\scala-2",
            "D:\\Documents\\CSCI330\\Functionals\\hello-world\\src\\main\\java",
            "D:\\Documents\\CSCI330\\Functionals\\hello-world\\target\\scala-2.13\\src_managed\\main"
        ],
        "dependencies": [
            
        ],
        "classpath": [
            "C:\\Users\\ianco\\AppData\\Local\\Coursier\\Cache\\v1\\https\\repo1.maven.org\\maven2\\org\\scala-lang\\scala-library\\2.13.12\\scala-library-2.13.12.jar",
            "C:\\Users\\ianco\\AppData\\Local\\Coursier\\Cache\\v1\\https\\repo1.maven.org\\maven2\\org\\scala-lang\\modules\\scala-parser-combinators_2.13\\2.3.0\\scala-parser-combinators_2.13-2.3.0.jar",
            "C:\\Users\\ianco\\AppData\\Local\\Coursier\\Cache\\v1\\https\\repo1.maven.org\\maven2\\com\\typesafe\\play\\play-json_2.13\\2.9.4\\play-json_2.13-2.9.4.jar",
            "C:\\Users\\ianco\\AppData\\Local\\Coursier\\Cache\\v1\\https\\repo1.maven.org\\maven2\\com\\typesafe\\play\\play-functional_2.13\\2.9.4\\play-functional_2.13-2.9.4.jar",
            "C:\\Users\\ianco\\AppData\\Local\\Coursier\\Cache\\v1\\https\\repo1.maven.org\\maven2\\org\\scala-lang\\scala-reflect\\2.13.12\\scala-reflect-2.13.12.jar",
            "C:\\Users\\ianco\\AppData\\Local\\Coursier\\Cache\\v1\\https\\repo1.maven.org\\maven2\\com\\fasterxml\\jackson\\core\\jackson-core\\2.11.4\\jackson-core-2.11.4.jar",
            "C:\\Users\\ianco\\AppData\\Local\\Coursier\\Cache\\v1\\https\\repo1.maven.org\\maven2\\com\\fasterxml\\jackson\\core\\jackson-annotations\\2.11.4\\jackson-annotations-2.11.4.jar",
            "C:\\Users\\ianco\\AppData\\Local\\Coursier\\Cache\\v1\\https\\repo1.maven.org\\maven2\\com\\fasterxml\\jackson\\datatype\\jackson-datatype-jdk8\\2.11.4\\jackson-datatype-jdk8-2.11.4.jar",
            "C:\\Users\\ianco\\AppData\\Local\\Coursier\\Cache\\v1\\https\\repo1.maven.org\\maven2\\com\\fasterxml\\jackson\\datatype\\jackson-datatype-jsr310\\2.11.4\\jackson-datatype-jsr310-2.11.4.jar",
            "C:\\Users\\ianco\\AppData\\Local\\Coursier\\Cache\\v1\\https\\repo1.maven.org\\maven2\\com\\fasterxml\\jackson\\core\\jackson-databind\\2.11.4\\jackson-databind-2.11.4.jar"
        ],
        "out": "D:\\Documents\\CSCI330\\Functionals\\hello-world\\.bloop\\hello-world",
        "classesDir": "D:\\Documents\\CSCI330\\Functionals\\hello-world\\.bloop\\hello-world\\scala-2.13\\classes",
        "resources": [
            "D:\\Documents\\CSCI330\\Functionals\\hello-world\\src\\main\\resources",
            "D:\\Documents\\CSCI330\\Functionals\\hello-world\\target\\scala-2.13\\resource_managed\\main"
        ],
        "scala": {
            "organization": "org.scala-lang",
            "name": "scala-compiler",
            "version": "2.13.12",
            "options": [
                
            ],
            "jars": [
                "C:\\Users\\ianco\\AppData\\Local\\Coursier\\Cache\\v1\\https\\repo1.maven.org\\maven2\\org\\scala-lang\\scala-library\\2.13.12\\scala-library-2.13.12.jar",
                "C:\\Users\\ianco\\AppData\\Local\\Coursier\\Cache\\v1\\https\\repo1.maven.org\\maven2\\org\\scala-lang\\scala-compiler\\2.13.12\\scala-compiler-2.13.12.jar",
                "C:\\Users\\ianco\\AppData\\Local\\Coursier\\Cache\\v1\\https\\repo1.maven.org\\maven2\\org\\scala-lang\\scala-reflect\\2.13.12\\scala-reflect-2.13.12.jar",
                "C:\\Users\\ianco\\AppData\\Local\\Coursier\\Cache\\v1\\https\\repo1.maven.org\\maven2\\io\\github\\java-diff-utils\\java-diff-utils\\4.12\\java-diff-utils-4.12.jar",
                "C:\\Users\\ianco\\AppData\\Local\\Coursier\\Cache\\v1\\https\\repo1.maven.org\\maven2\\org\\jline\\jline\\3.22.0\\jline-3.22.0.jar",
                "C:\\Users\\ianco\\AppData\\Local\\Coursier\\Cache\\v1\\https\\repo1.maven.org\\maven2\\net\\java\\dev\\jna\\jna\\5.13.0\\jna-5.13.0.jar"
            ],
            "setup": {
                "order": "mixed",
                "addLibraryToBootClasspath": false,
                "addCompilerToClasspath": false,
                "addExtraJarsToClasspath": false,
                "manageBootClasspath": false,
                "filterLibraryFromClasspath": false
            }
        },
        "java": {
            "options": [
                
            ]
        },
        "test": {
            "frameworks": [
                {
                    "names": [
                        "org.scalacheck.ScalaCheckFramework"
                    ]
                },
                {
                    "names": [
                        "org.specs2.runner.Specs2Framework",
                        "org.specs2.runner.SpecsFramework"
                    ]
                },
                {
                    "names": [
                        "org.specs.runner.SpecsFramework"
                    ]
                },
                {
                    "names": [
                        "org.scalatest.tools.Framework",
                        "org.scalatest.tools.ScalaTestFramework"
                    ]
                },
                {
                    "names": [
                        "com.novocode.junit.JUnitFramework"
                    ]
                },
                {
                    "names": [
                        "munit.Framework"
                    ]
                },
                {
                    "names": [
                        "zio.test.sbt.ZTestFramework"
                    ]
                },
                {
                    "names": [
                        "weaver.framework.CatsEffect"
                    ]
                },
                {
                    "names": [
                        "hedgehog.sbt.Framework"
                    ]
                }
            ],
            "options": {
                "excludes": [
                    
                ],
                "arguments": [
                    
                ]
            }
        },
        "platform": {
            "name": "jvm",
            "config": {
                "home": "C:\\Users\\ianco\\AppData\\Local\\Coursier\\cache\\arc\\https\\github.com\\adoptium\\temurin17-binaries\\releases\\download\\jdk-17%252B35\\OpenJDK17-jdk_x64_windows_hotspot_17_35.zip\\jdk-17+35",
                "options": [
                    "-Duser.dir=D:\\Documents\\CSCI330\\Functionals\\hello-world"
                ]
            },
            "mainClass": [
                
            ],
            "runtimeConfig": {
                "home": "C:\\Users\\ianco\\AppData\\Local\\Coursier\\cache\\arc\\https\\github.com\\adoptium\\temurin17-binaries\\releases\\download\\jdk-17%252B35\\OpenJDK17-jdk_x64_windows_hotspot_17_35.zip\\jdk-17+35",
                "options": [
                    "-Duser.dir=D:\\Documents\\CSCI330\\Functionals\\hello-world"
                ]
            },
            "classpath": [
                "D:\\Documents\\CSCI330\\Functionals\\hello-world\\.bloop\\hello-world\\scala-2.13\\classes",
                "C:\\Users\\ianco\\AppData\\Local\\Coursier\\Cache\\v1\\https\\repo1.maven.org\\maven2\\org\\scala-lang\\scala-library\\2.13.12\\scala-library-2.13.12.jar",
                "C:\\Users\\ianco\\AppData\\Local\\Coursier\\Cache\\v1\\https\\repo1.maven.org\\maven2\\org\\scala-lang\\modules\\scala-parser-combinators_2.13\\2.3.0\\scala-parser-combinators_2.13-2.3.0.jar",
                "C:\\Users\\ianco\\AppData\\Local\\Coursier\\Cache\\v1\\https\\repo1.maven.org\\maven2\\com\\typesafe\\play\\play-json_2.13\\2.9.4\\play-json_2.13-2.9.4.jar",
                "C:\\Users\\ianco\\AppData\\Local\\Coursier\\Cache\\v1\\https\\repo1.maven.org\\maven2\\com\\typesafe\\play\\play-functional_2.13\\2.9.4\\play-functional_2.13-2.9.4.jar",
                "C:\\Users\\ianco\\AppData\\Local\\Coursier\\Cache\\v1\\https\\repo1.maven.org\\maven2\\org\\scala-lang\\scala-reflect\\2.13.12\\scala-reflect-2.13.12.jar",
                "C:\\Users\\ianco\\AppData\\Local\\Coursier\\Cache\\v1\\https\\repo1.maven.org\\maven2\\com\\fasterxml\\jackson\\core\\jackson-core\\2.11.4\\jackson-core-2.11.4.jar",
                "C:\\Users\\ianco\\AppData\\Local\\Coursier\\Cache\\v1\\https\\repo1.maven.org\\maven2\\com\\fasterxml\\jackson\\core\\jackson-annotations\\2.11.4\\jackson-annotations-2.11.4.jar",
                "C:\\Users\\ianco\\AppData\\Local\\Coursier\\Cache\\v1\\https\\repo1.maven.org\\maven2\\com\\fasterxml\\jackson\\datatype\\jackson-datatype-jdk8\\2.11.4\\jackson-datatype-jdk8-2.11.4.jar",
                "C:\\Users\\ianco\\AppData\\Local\\Coursier\\Cache\\v1\\https\\repo1.maven.org\\maven2\\com\\fasterxml\\jackson\\datatype\\jackson-datatype-jsr310\\2.11.4\\jackson-datatype-jsr310-2.11.4.jar",
                "C:\\Users\\ianco\\AppData\\Local\\Coursier\\Cache\\v1\\https\\repo1.maven.org\\maven2\\com\\fasterxml\\jackson\\core\\jackson-databind\\2.11.4\\jackson-databind-2.11.4.jar"
            ]
        },
        "resolution": {
            "modules": [
                {
                    "organization": "org.scala-lang",
                    "name": "scala-library",
                    "version": "2.13.12",
                    "configurations": "default",
                    "artifacts": [
                        {
                            "name": "scala-library",
                            "path": "C:\\Users\\ianco\\AppData\\Local\\Coursier\\Cache\\v1\\https\\repo1.maven.org\\maven2\\org\\scala-lang\\scala-library\\2.13.12\\scala-library-2.13.12.jar"
                        },
                        {
                            "name": "scala-library",
                            "classifier": "sources",
                            "path": "C:\\Users\\ianco\\AppData\\Local\\Coursier\\Cache\\v1\\https\\repo1.maven.org\\maven2\\org\\scala-lang\\scala-library\\2.13.12\\scala-library-2.13.12-sources.jar"
                        }
                    ]
                },
                {
                    "organization": "org.scala-lang.modules",
                    "name": "scala-parser-combinators_2.13",
                    "version": "2.3.0",
                    "configurations": "default",
                    "artifacts": [
                        {
                            "name": "scala-parser-combinators_2.13",
                            "path": "C:\\Users\\ianco\\AppData\\Local\\Coursier\\Cache\\v1\\https\\repo1.maven.org\\maven2\\org\\scala-lang\\modules\\scala-parser-combinators_2.13\\2.3.0\\scala-parser-combinators_2.13-2.3.0.jar"
                        },
                        {
                            "name": "scala-parser-combinators_2.13",
                            "classifier": "sources",
                            "path": "C:\\Users\\ianco\\AppData\\Local\\Coursier\\Cache\\v1\\https\\repo1.maven.org\\maven2\\org\\scala-lang\\modules\\scala-parser-combinators_2.13\\2.3.0\\scala-parser-combinators_2.13-2.3.0-sources.jar"
                        }
                    ]
                },
                {
                    "organization": "com.typesafe.play",
                    "name": "play-json_2.13",
                    "version": "2.9.4",
                    "configurations": "default",
                    "artifacts": [
                        {
                            "name": "play-json_2.13",
                            "path": "C:\\Users\\ianco\\AppData\\Local\\Coursier\\Cache\\v1\\https\\repo1.maven.org\\maven2\\com\\typesafe\\play\\play-json_2.13\\2.9.4\\play-json_2.13-2.9.4.jar"
                        },
                        {
                            "name": "play-json_2.13",
                            "classifier": "sources",
                            "path": "C:\\Users\\ianco\\AppData\\Local\\Coursier\\Cache\\v1\\https\\repo1.maven.org\\maven2\\com\\typesafe\\play\\play-json_2.13\\2.9.4\\play-json_2.13-2.9.4-sources.jar"
                        }
                    ]
                },
                {
                    "organization": "com.typesafe.play",
                    "name": "play-functional_2.13",
                    "version": "2.9.4",
                    "configurations": "default",
                    "artifacts": [
                        {
                            "name": "play-functional_2.13",
                            "path": "C:\\Users\\ianco\\AppData\\Local\\Coursier\\Cache\\v1\\https\\repo1.maven.org\\maven2\\com\\typesafe\\play\\play-functional_2.13\\2.9.4\\play-functional_2.13-2.9.4.jar"
                        },
                        {
                            "name": "play-functional_2.13",
                            "classifier": "sources",
                            "path": "C:\\Users\\ianco\\AppData\\Local\\Coursier\\Cache\\v1\\https\\repo1.maven.org\\maven2\\com\\typesafe\\play\\play-functional_2.13\\2.9.4\\play-functional_2.13-2.9.4-sources.jar"
                        }
                    ]
                },
                {
                    "organization": "org.scala-lang",
                    "name": "scala-reflect",
                    "version": "2.13.12",
                    "configurations": "default",
                    "artifacts": [
                        {
                            "name": "scala-reflect",
                            "path": "C:\\Users\\ianco\\AppData\\Local\\Coursier\\Cache\\v1\\https\\repo1.maven.org\\maven2\\org\\scala-lang\\scala-reflect\\2.13.12\\scala-reflect-2.13.12.jar"
                        },
                        {
                            "name": "scala-reflect",
                            "classifier": "sources",
                            "path": "C:\\Users\\ianco\\AppData\\Local\\Coursier\\Cache\\v1\\https\\repo1.maven.org\\maven2\\org\\scala-lang\\scala-reflect\\2.13.12\\scala-reflect-2.13.12-sources.jar"
                        }
                    ]
                },
                {
                    "organization": "com.fasterxml.jackson.core",
                    "name": "jackson-core",
                    "version": "2.11.4",
                    "configurations": "default",
                    "artifacts": [
                        {
                            "name": "jackson-core",
                            "path": "C:\\Users\\ianco\\AppData\\Local\\Coursier\\Cache\\v1\\https\\repo1.maven.org\\maven2\\com\\fasterxml\\jackson\\core\\jackson-core\\2.11.4\\jackson-core-2.11.4.jar"
                        },
                        {
                            "name": "jackson-core",
                            "classifier": "sources",
                            "path": "C:\\Users\\ianco\\AppData\\Local\\Coursier\\Cache\\v1\\https\\repo1.maven.org\\maven2\\com\\fasterxml\\jackson\\core\\jackson-core\\2.11.4\\jackson-core-2.11.4-sources.jar"
                        }
                    ]
                },
                {
                    "organization": "com.fasterxml.jackson.core",
                    "name": "jackson-annotations",
                    "version": "2.11.4",
                    "configurations": "default",
                    "artifacts": [
                        {
                            "name": "jackson-annotations",
                            "path": "C:\\Users\\ianco\\AppData\\Local\\Coursier\\Cache\\v1\\https\\repo1.maven.org\\maven2\\com\\fasterxml\\jackson\\core\\jackson-annotations\\2.11.4\\jackson-annotations-2.11.4.jar"
                        },
                        {
                            "name": "jackson-annotations",
                            "classifier": "sources",
                            "path": "C:\\Users\\ianco\\AppData\\Local\\Coursier\\Cache\\v1\\https\\repo1.maven.org\\maven2\\com\\fasterxml\\jackson\\core\\jackson-annotations\\2.11.4\\jackson-annotations-2.11.4-sources.jar"
                        }
                    ]
                },
                {
                    "organization": "com.fasterxml.jackson.datatype",
                    "name": "jackson-datatype-jdk8",
                    "version": "2.11.4",
                    "configurations": "default",
                    "artifacts": [
                        {
                            "name": "jackson-datatype-jdk8",
                            "path": "C:\\Users\\ianco\\AppData\\Local\\Coursier\\Cache\\v1\\https\\repo1.maven.org\\maven2\\com\\fasterxml\\jackson\\datatype\\jackson-datatype-jdk8\\2.11.4\\jackson-datatype-jdk8-2.11.4.jar"
                        },
                        {
                            "name": "jackson-datatype-jdk8",
                            "classifier": "sources",
                            "path": "C:\\Users\\ianco\\AppData\\Local\\Coursier\\Cache\\v1\\https\\repo1.maven.org\\maven2\\com\\fasterxml\\jackson\\datatype\\jackson-datatype-jdk8\\2.11.4\\jackson-datatype-jdk8-2.11.4-sources.jar"
                        }
                    ]
                },
                {
                    "organization": "com.fasterxml.jackson.datatype",
                    "name": "jackson-datatype-jsr310",
                    "version": "2.11.4",
                    "configurations": "default",
                    "artifacts": [
                        {
                            "name": "jackson-datatype-jsr310",
                            "path": "C:\\Users\\ianco\\AppData\\Local\\Coursier\\Cache\\v1\\https\\repo1.maven.org\\maven2\\com\\fasterxml\\jackson\\datatype\\jackson-datatype-jsr310\\2.11.4\\jackson-datatype-jsr310-2.11.4.jar"
                        },
                        {
                            "name": "jackson-datatype-jsr310",
                            "classifier": "sources",
                            "path": "C:\\Users\\ianco\\AppData\\Local\\Coursier\\Cache\\v1\\https\\repo1.maven.org\\maven2\\com\\fasterxml\\jackson\\datatype\\jackson-datatype-jsr310\\2.11.4\\jackson-datatype-jsr310-2.11.4-sources.jar"
                        }
                    ]
                },
                {
                    "organization": "com.fasterxml.jackson.core",
                    "name": "jackson-databind",
                    "version": "2.11.4",
                    "configurations": "default",
                    "artifacts": [
                        {
                            "name": "jackson-databind",
                            "path": "C:\\Users\\ianco\\AppData\\Local\\Coursier\\Cache\\v1\\https\\repo1.maven.org\\maven2\\com\\fasterxml\\jackson\\core\\jackson-databind\\2.11.4\\jackson-databind-2.11.4.jar"
                        },
                        {
                            "name": "jackson-databind",
                            "classifier": "sources",
                            "path": "C:\\Users\\ianco\\AppData\\Local\\Coursier\\Cache\\v1\\https\\repo1.maven.org\\maven2\\com\\fasterxml\\jackson\\core\\jackson-databind\\2.11.4\\jackson-databind-2.11.4-sources.jar"
                        }
                    ]
                },
                {
                    "organization": "org.scala-lang",
                    "name": "scala-library",
                    "version": "2.13.12",
                    "configurations": "optional",
                    "artifacts": [
                        {
                            "name": "scala-library",
                            "path": "C:\\Users\\ianco\\AppData\\Local\\Coursier\\Cache\\v1\\https\\repo1.maven.org\\maven2\\org\\scala-lang\\scala-library\\2.13.12\\scala-library-2.13.12.jar"
                        },
                        {
                            "name": "scala-library",
                            "classifier": "sources",
                            "path": "C:\\Users\\ianco\\AppData\\Local\\Coursier\\Cache\\v1\\https\\repo1.maven.org\\maven2\\org\\scala-lang\\scala-library\\2.13.12\\scala-library-2.13.12-sources.jar"
                        }
                    ]
                }
            ]
        },
        "tags": [
            "library"
        ]
    }
}